-- MySQL dump 10.13  Distrib 8.0.22, for Win64 (x86_64)
--
-- Host: localhost    Database: delphidb
-- ------------------------------------------------------
-- Server version	8.0.22

/*!40101 SET @OLD_CHARACTER_SET_CLIENT=@@CHARACTER_SET_CLIENT */;
/*!40101 SET @OLD_CHARACTER_SET_RESULTS=@@CHARACTER_SET_RESULTS */;
/*!40101 SET @OLD_COLLATION_CONNECTION=@@COLLATION_CONNECTION */;
/*!50503 SET NAMES utf8 */;
/*!40103 SET @OLD_TIME_ZONE=@@TIME_ZONE */;
/*!40103 SET TIME_ZONE='+00:00' */;
/*!40014 SET @OLD_UNIQUE_CHECKS=@@UNIQUE_CHECKS, UNIQUE_CHECKS=0 */;
/*!40014 SET @OLD_FOREIGN_KEY_CHECKS=@@FOREIGN_KEY_CHECKS, FOREIGN_KEY_CHECKS=0 */;
/*!40101 SET @OLD_SQL_MODE=@@SQL_MODE, SQL_MODE='NO_AUTO_VALUE_ON_ZERO' */;
/*!40111 SET @OLD_SQL_NOTES=@@SQL_NOTES, SQL_NOTES=0 */;

--
-- Table structure for table `clientes`
--

DROP TABLE IF EXISTS `clientes`;
/*!40101 SET @saved_cs_client     = @@character_set_client */;
/*!50503 SET character_set_client = utf8mb4 */;
CREATE TABLE `clientes` (
  `CODIGO` int NOT NULL AUTO_INCREMENT,
  `NOME` varchar(60) NOT NULL,
  `CIDADE` varchar(40) DEFAULT NULL,
  `UF` varchar(2) DEFAULT NULL,
  PRIMARY KEY (`CODIGO`),
  KEY `CODIGO` (`CODIGO`)
) ENGINE=InnoDB AUTO_INCREMENT=23 DEFAULT CHARSET=utf8mb4 COLLATE=utf8mb4_0900_ai_ci;
/*!40101 SET character_set_client = @saved_cs_client */;

--
-- Dumping data for table `clientes`
--

LOCK TABLES `clientes` WRITE;
/*!40000 ALTER TABLE `clientes` DISABLE KEYS */;
INSERT INTO `clientes` VALUES (3,'TESTE','CIDADE TESTE','SP'),(4,'TESTE1','CIDADE TESTE 1','SP'),(5,'TESTE2','CIDADE TESTE 2','SP'),(6,'TESTE3','CIDADE TESTE 3','SP'),(7,'TESTE4','CIDADE TESTE 4','SP'),(8,'TESTE5','CIDADE TESTE 5','SP'),(9,'TESTE6','CIDADE TESTE 6','SP'),(10,'TESTE7','CIDADE TESTE 7','SP'),(11,'TESTE8','CIDADE TESTE 8','SP'),(12,'TESTE9','CIDADE TESTE 9','SP'),(13,'TESTE10','CIDADE TESTE 10','SP'),(14,'TESTE11','CIDADE TESTE 11','SP'),(15,'TESTE12','CIDADE TESTE 12','SP'),(16,'TESTE13','CIDADE TESTE 13','SP'),(17,'TESTE14','CIDADE TESTE 14','SP'),(18,'TESTE15','CIDADE TESTE 15','SP'),(19,'TESTE16','CIDADE TESTE 16','SP'),(20,'TESTE17','CIDADE TESTE 17','SP'),(21,'TESTE18','CIDADE TESTE 18','SP'),(22,'TESTE19','CIDADE TESTE 19','SP');
/*!40000 ALTER TABLE `clientes` ENABLE KEYS */;
UNLOCK TABLES;

--
-- Table structure for table `produtos`
--

DROP TABLE IF EXISTS `produtos`;
/*!40101 SET @saved_cs_client     = @@character_set_client */;
/*!50503 SET character_set_client = utf8mb4 */;
CREATE TABLE `produtos` (
  `CODIGO` int NOT NULL AUTO_INCREMENT,
  `DESCRICAO` varchar(60) NOT NULL,
  `PRECO` decimal(15,6) DEFAULT NULL,
  PRIMARY KEY (`CODIGO`),
  KEY `CODIGO` (`CODIGO`)
) ENGINE=InnoDB AUTO_INCREMENT=23 DEFAULT CHARSET=utf8mb4 COLLATE=utf8mb4_0900_ai_ci;
/*!40101 SET character_set_client = @saved_cs_client */;

--
-- Dumping data for table `produtos`
--

LOCK TABLES `produtos` WRITE;
/*!40000 ALTER TABLE `produtos` DISABLE KEYS */;
INSERT INTO `produtos` VALUES (3,'PRODUTO TESTE',20.000000),(4,'PRODUTO TESTE1',30.000000),(5,'PRODUTO TESTE2',40.000000),(6,'PRODUTO TESTE3',50.000000),(7,'PRODUTO TESTE4',60.000000),(8,'PRODUTO TESTE5',70.000000),(9,'PRODUTO TESTE6',80.000000),(10,'PRODUTO TESTE7',90.000000),(11,'PRODUTO TESTE8',100.000000),(12,'PRODUTO TESTE9',110.000000),(13,'PRODUTO TESTE10',120.000000),(14,'PRODUTO TESTE11',130.000000),(15,'PRODUTO TESTE12',140.000000),(16,'PRODUTO TESTE13',150.000000),(17,'PRODUTO TESTE14',160.000000),(18,'PRODUTO TESTE15',170.000000),(19,'PRODUTO TESTE16',180.000000),(20,'PRODUTO TESTE17',190.000000),(21,'PRODUTO TESTE18',200.000000),(22,'PRODUTO TESTE19',2000.000000);
/*!40000 ALTER TABLE `produtos` ENABLE KEYS */;
UNLOCK TABLES;

--
-- Table structure for table `vendas`
--

DROP TABLE IF EXISTS `vendas`;
/*!40101 SET @saved_cs_client     = @@character_set_client */;
/*!50503 SET character_set_client = utf8mb4 */;
CREATE TABLE `vendas` (
  `CODIGO` int NOT NULL AUTO_INCREMENT,
  `COD_VENDA` int NOT NULL,
  `DATA_EMISSAO` date NOT NULL,
  `COD_CLIENTE` int DEFAULT NULL,
  `TOTAL` decimal(15,6) DEFAULT NULL,
  PRIMARY KEY (`CODIGO`),
  KEY `COD_CLIENTE` (`COD_CLIENTE`),
  KEY `CODIGO` (`CODIGO`),
  CONSTRAINT `vendas_ibfk_1` FOREIGN KEY (`COD_CLIENTE`) REFERENCES `clientes` (`CODIGO`)
) ENGINE=InnoDB AUTO_INCREMENT=5 DEFAULT CHARSET=utf8mb4 COLLATE=utf8mb4_0900_ai_ci;
/*!40101 SET character_set_client = @saved_cs_client */;

--
-- Dumping data for table `vendas`
--

LOCK TABLES `vendas` WRITE;
/*!40000 ALTER TABLE `vendas` DISABLE KEYS */;
INSERT INTO `vendas` VALUES (1,1,'2020-11-05',3,20.000000),(2,2,'2020-11-05',5,1200.000000),(3,3,'2020-11-05',13,3150.000000),(4,4,'2020-11-05',5,800.000000);
/*!40000 ALTER TABLE `vendas` ENABLE KEYS */;
UNLOCK TABLES;

--
-- Table structure for table `vendas_produtos`
--

DROP TABLE IF EXISTS `vendas_produtos`;
/*!40101 SET @saved_cs_client     = @@character_set_client */;
/*!50503 SET character_set_client = utf8mb4 */;
CREATE TABLE `vendas_produtos` (
  `CODIGO` int NOT NULL AUTO_INCREMENT,
  `COD_VENDA` int NOT NULL,
  `COD_PRODUTO` int NOT NULL,
  `QUANTIDADE` int DEFAULT NULL,
  `VALOR_UNITARIO` decimal(15,6) DEFAULT NULL,
  `VALOR_TOTAL` decimal(15,6) DEFAULT NULL,
  PRIMARY KEY (`CODIGO`),
  KEY `COD_VENDA` (`COD_VENDA`),
  KEY `COD_PRODUTO` (`COD_PRODUTO`),
  KEY `CODIGO` (`CODIGO`),
  CONSTRAINT `vendas_produtos_ibfk_1` FOREIGN KEY (`COD_VENDA`) REFERENCES `vendas` (`CODIGO`),
  CONSTRAINT `vendas_produtos_ibfk_2` FOREIGN KEY (`COD_PRODUTO`) REFERENCES `produtos` (`CODIGO`)
) ENGINE=InnoDB AUTO_INCREMENT=9 DEFAULT CHARSET=utf8mb4 COLLATE=utf8mb4_0900_ai_ci;
/*!40101 SET character_set_client = @saved_cs_client */;

--
-- Dumping data for table `vendas_produtos`
--

LOCK TABLES `vendas_produtos` WRITE;
/*!40000 ALTER TABLE `vendas_produtos` DISABLE KEYS */;
INSERT INTO `vendas_produtos` VALUES (1,1,3,1,20.000000,20.000000),(2,2,5,10,40.000000,400.000000),(3,2,9,10,80.000000,800.000000),(4,3,8,15,70.000000,1050.000000),(5,3,6,30,50.000000,1500.000000),(6,3,7,10,60.000000,600.000000),(7,4,12,4,110.000000,440.000000),(8,4,5,9,40.000000,360.000000);
/*!40000 ALTER TABLE `vendas_produtos` ENABLE KEYS */;
UNLOCK TABLES;
/*!40103 SET TIME_ZONE=@OLD_TIME_ZONE */;

/*!40101 SET SQL_MODE=@OLD_SQL_MODE */;
/*!40014 SET FOREIGN_KEY_CHECKS=@OLD_FOREIGN_KEY_CHECKS */;
/*!40014 SET UNIQUE_CHECKS=@OLD_UNIQUE_CHECKS */;
/*!40101 SET CHARACTER_SET_CLIENT=@OLD_CHARACTER_SET_CLIENT */;
/*!40101 SET CHARACTER_SET_RESULTS=@OLD_CHARACTER_SET_RESULTS */;
/*!40101 SET COLLATION_CONNECTION=@OLD_COLLATION_CONNECTION */;
/*!40111 SET SQL_NOTES=@OLD_SQL_NOTES */;

-- Dump completed on 2020-11-05 17:31:39
